date,ticker,spot,expiry,dte,iv_annual,implied_move_pct,hist_move_pct,hv_annual,premium_score,premium_state,score,role
2026-09-24,ABBV,265.12,2026-10-16,22,26.69,5.32,3.72,23.3,54.1,fair,75.9,top
2026-09-24,AMD,629.26,2026-10-16,22,52.31,10.42,10.73,68.7,5.8,cheap,46.1,control
2026-09-24,AVGO,350.36,2026-10-16,22,34.21,6.81,6.74,39.8,9.2,cheap,71.2,top
2026-09-24,CRWD,259.67,2026-10-16,22,53.0,10.56,18.78,70.7,32.5,cheap,7.4,control
2026-09-24,CSCO,106.97,2026-10-16,22,27.66,5.51,5.68,34.8,16.6,cheap,79.7,top
2026-09-24,CVX,205.65,2026-10-16,22,26.55,5.29,4.63,24.4,62.7,fair,64.8,top
2026-09-24,GOOGL,342.36,2026-10-16,22,30.82,6.14,5.32,34.6,34.9,cheap,65.9,top
2026-09-24,JNJ,270.68,2026-10-16,22,28.01,5.58,3.28,22.2,84.3,rich,81.6,top
2026-09-24,KO,88.1,2026-10-16,22,19.77,3.94,2.63,21.4,34.5,cheap,88.5,top
2026-09-24,LLY,1181.89,2026-10-16,22,31.84,6.34,4.34,30.3,33.4,cheap,90.2,top
2026-09-24,META,777.59,2026-10-16,22,44.16,8.8,9.26,50.1,44.3,fair,18.3,control
2026-09-24,MRK,147.98,2026-10-16,22,27.96,5.57,3.78,34.3,22.7,cheap,74.2,top
2026-09-24,MSFT,497.93,2026-10-16,22,24.23,4.83,4.34,38.1,13.8,cheap,86.0,top
2026-09-24,MU,1080.53,2026-10-16,22,64.03,12.76,9.76,79.5,12.9,cheap,73.6,top
2026-09-24,NVDA,224.58,2026-10-16,22,30.64,6.1,8.57,38.8,4.5,cheap,42.9,control
2026-09-24,PANW,389.92,2026-10-16,22,49.59,9.88,15.57,60.2,33.8,cheap,14.0,control
2026-09-24,PG,145.68,2026-10-16,22,19.45,3.87,2.76,18.0,34.5,cheap,91.2,top
2026-09-24,SNDK,1753.62,2026-10-16,22,70.44,14.03,14.61,120.4,6.1,cheap,74.2,top
2026-09-24,TSLA,377.94,2026-10-16,22,39.74,7.92,8.56,54.3,17.5,cheap,76.9,top
2026-09-24,TXN,270.65,2026-10-16,22,37.77,7.52,5.53,34.4,33.7,cheap,72.7,top
2026-09-25,ABBV,264.34,2026-10-16,21,25.6,5.1,3.39,23.1,45.6,fair,75.2,top
2026-09-25,AMD,630.63,2026-10-16,21,50.39,10.04,10.64,67.0,4.5,cheap,46.2,control
2026-09-25,AVGO,352.81,2026-10-16,21,33.28,6.63,5.95,39.6,7.0,cheap,75.0,top
2026-09-25,CRWD,252.13,2026-10-16,21,53.31,10.62,14.33,70.9,33.3,cheap,14.5,control
2026-09-25,CSCO,106.7,2026-10-16,21,25.24,5.03,5.68,34.8,12.1,cheap,80.7,top
2026-09-25,GOOGL,343.92,2026-10-16,21,29.2,5.82,5.32,34.6,27.9,cheap,65.6,top
2026-09-25,JNJ,271.22,2026-10-16,21,27.6,5.5,2.96,21.9,84.3,rich,87.0,top
2026-09-25,KO,87.81,2026-10-16,21,17.95,3.58,2.47,21.3,19.0,cheap,92.5,top
2026-09-25,LLY,1183.46,2026-10-16,21,32.12,6.4,3.56,29.9,35.1,fair,79.1,top
2026-09-25,META,751.66,2026-10-16,21,39.05,7.78,9.73,48.0,28.6,cheap,16.4,control
2026-09-25,MRK,148.78,2026-10-16,21,27.94,5.57,3.43,34.0,22.6,cheap,76.4,top
2026-09-25,MSFT,516.17,2026-10-16,21,25.27,5.03,4.87,38.2,15.5,cheap,80.4,top
2026-09-25,MU,1082.28,2026-10-16,21,61.69,12.29,9.74,76.1,12.6,cheap,73.4,top
2026-09-25,NVDA,225.07,2026-10-16,21,29.68,5.91,6.29,38.7,4.5,cheap,76.9,top
2026-09-25,PANW,374.74,2026-10-16,21,50.2,10.0,13.36,60.0,36.2,fair,18.4,control
2026-09-25,PG,146.23,2026-10-16,21,18.09,3.6,2.74,18.0,21.9,cheap,93.1,top
2026-09-25,SNDK,1777.8,2026-10-16,21,69.45,13.83,14.55,118.3,5.8,cheap,74.2,top
2026-09-25,TMO,675.0,2026-10-16,21,28.42,5.66,4.94,28.0,42.5,fair,46.3,control
2026-09-25,TSLA,372.11,2026-10-16,21,39.11,7.79,8.52,54.3,15.8,cheap,77.8,top
2026-09-25,TXN,278.07,2026-10-16,21,36.89,7.35,5.68,33.6,32.5,cheap,69.6,top
2026-09-28,ABBV,264.34,2026-10-23,24,27.56,5.49,3.39,23.1,61.5,fair,75.2,top
2026-09-28,AMD,630.63,2026-10-23,24,53.05,10.57,10.64,67.0,8.2,cheap,46.2,control
2026-09-28,AVGO,352.81,2026-10-23,24,35.56,7.08,5.95,39.6,13.9,cheap,75.0,top
2026-09-28,CRWD,252.13,2026-10-23,24,59.6,11.87,14.33,70.9,45.9,fair,14.5,control
2026-09-28,CSCO,106.7,2026-10-23,24,30.58,6.09,5.68,34.8,26.9,cheap,80.7,top
2026-09-28,GOOGL,343.92,2026-10-23,24,30.3,6.04,5.32,34.6,33.0,cheap,65.6,top
2026-09-28,JNJ,271.22,2026-10-23,24,27.68,5.51,2.96,21.9,84.8,rich,87.0,top
2026-09-28,KO,87.81,2026-10-23,24,19.38,3.86,2.47,21.3,30.2,cheap,92.5,top
2026-09-28,LLY,1183.46,2026-10-23,24,33.38,6.65,3.56,29.9,40.8,fair,79.1,top
2026-09-28,META,751.66,2026-10-23,24,41.86,8.34,9.73,48.0,40.6,fair,16.4,control
2026-09-28,MRK,148.78,2026-10-23,24,29.67,5.91,3.43,34.0,30.9,cheap,76.4,top
2026-09-28,MSFT,516.17,2026-10-23,24,26.23,5.23,4.87,38.2,17.1,cheap,80.4,top
2026-09-28,MU,1082.28,2026-10-23,24,62.37,12.42,9.74,76.1,13.4,cheap,73.4,top
2026-09-28,NVDA,225.07,2026-10-23,24,33.65,6.7,6.29,38.7,16.8,cheap,76.9,top
2026-09-28,PANW,374.74,2026-10-23,24,58.66,11.69,13.36,60.0,59.5,fair,18.4,control
2026-09-28,PG,146.23,2026-10-23,24,27.05,5.39,2.74,18.0,94.9,rich,93.1,top
2026-09-28,SNDK,1777.8,2026-10-23,24,69.6,13.86,14.55,118.3,7.4,cheap,74.2,top
2026-09-28,TMO,675.0,2026-10-23,24,38.56,7.68,4.94,28.0,90.7,rich,46.3,control
2026-09-28,TSLA,372.11,2026-10-23,24,47.56,9.47,8.52,54.3,43.2,fair,77.8,top
2026-09-28,TXN,278.07,2026-10-23,24,48.19,9.6,5.68,33.6,72.5,rich,69.6,top
2026-09-29,ABBV,266.28,2026-10-23,23,26.6,5.3,3.31,21.8,57.7,fair,74.7,top
2026-09-29,AMD,607.87,2026-10-23,23,51.26,10.21,10.91,66.8,4.8,cheap,43.5,control
2026-09-29,AVGO,349.57,2026-10-23,23,37.38,7.45,5.96,39.3,20.6,cheap,75.0,top
2026-09-29,CRWD,259.25,2026-10-23,23,56.76,11.31,13.98,71.0,39.0,fair,14.2,control
2026-09-29,CSCO,106.74,2026-10-23,23,31.11,6.2,5.54,34.0,30.2,cheap,82.2,top
2026-09-29,GOOGL,342.75,2026-10-23,23,29.26,5.83,5.18,34.6,28.6,cheap,66.8,top
2026-09-29,INTC,116.03,2026-10-19,19,118.07,23.52,14.27,73.1,97.8,rich,48.5,control
2026-09-29,JNJ,271.95,2026-10-23,23,27.1,5.4,2.92,20.7,87.3,rich,87.7,top
2026-09-29,KO,87.18,2026-10-23,23,18.89,3.76,2.45,20.3,29.0,cheap,93.0,top
2026-09-29,LLY,1184.78,2026-10-23,23,32.45,6.46,3.56,29.7,37.0,fair,78.6,top
2026-09-29,META,715.62,2026-10-23,23,43.08,8.58,10.66,47.9,43.7,fair,3.0,control
2026-09-29,MRK,148.69,2026-10-23,23,28.38,5.65,3.38,33.4,25.8,cheap,76.6,top
2026-09-29,MSFT,509.22,2026-10-23,23,27.47,5.47,4.83,38.4,19.2,cheap,81.9,top
2026-09-29,MU,1053.98,2026-10-23,23,63.21,12.59,10.0,75.4,15.0,cheap,70.9,top
2026-09-29,NVDA,228.86,2026-10-23,23,31.37,6.25,5.42,38.7,5.1,cheap,78.4,top
2026-09-29,PANW,392.09,2026-10-23,23,52.55,10.47,13.55,60.6,41.2,fair,17.2,control
2026-09-29,PG,149.03,2026-10-23,23,25.56,5.09,3.0,17.5,93.3,rich,82.4,top
2026-09-29,SNDK,1712.89,2026-10-23,23,69.65,13.87,14.89,114.5,6.5,cheap,73.2,top
2026-09-29,TSLA,357.45,2026-10-23,23,46.4,9.24,8.92,52.6,41.1,fair,77.4,top
2026-09-29,TXN,278.31,2026-10-23,23,49.8,9.92,5.19,33.5,77.4,rich,73.6,top
2026-09-30,ABBV,263.29,2026-10-23,22,25.98,5.18,3.43,21.3,54.8,fair,74.4,top
2026-09-30,AMD,607.57,2026-10-23,22,50.72,10.1,10.95,65.6,4.5,cheap,44.0,control
2026-09-30,AVGO,355.1,2026-10-23,22,36.09,7.19,6.08,38.7,15.7,cheap,75.3,top
2026-09-30,CRWD,262.74,2026-10-23,22,55.34,11.02,13.55,70.9,36.8,fair,13.7,control
2026-09-30,CSCO,106.94,2026-10-23,22,30.24,6.02,5.52,33.8,26.8,cheap,83.8,top
2026-09-30,CVX,204.38,2026-10-23,22,29.04,5.78,4.57,24.1,75.4,rich,69.9,top
2026-09-30,GEV,950.49,2026-10-23,23,45.27,9.02,8.83,48.2,25.4,cheap,77.8,top
2026-09-30,INTC,115.93,2026-10-23,22,78.03,15.54,14.28,73.1,54.4,fair,48.8,control
2026-09-30,JNJ,267.57,2026-10-23,22,27.44,5.47,3.09,20.8,87.9,rich,88.3,top
2026-09-30,KO,86.84,2026-10-23,22,18.59,3.7,2.35,20.0,27.6,cheap,93.1,top
2026-09-30,LLY,1184.63,2026-10-23,22,32.44,6.46,3.37,29.6,37.4,fair,78.4,top
2026-09-30,META,738.79,2026-10-23,22,39.7,7.91,10.64,48.0,31.1,cheap,4.4,control
2026-09-30,MRK,149.28,2026-10-23,22,29.61,5.9,3.37,33.1,32.5,cheap,76.3,top
2026-09-30,MSFT,508.96,2026-10-23,22,27.72,5.52,4.75,38.3,19.6,cheap,83.0,top
2026-09-30,MU,1065.08,2026-10-23,22,61.86,12.32,9.89,75.4,13.9,cheap,71.0,top
2026-09-30,NVDA,227.21,2026-10-23,22,33.26,6.63,5.38,38.7,14.5,cheap,77.9,top
2026-09-30,PANW,388.41,2026-10-23,22,55.11,10.98,13.44,60.4,48.9,fair,17.1,control
2026-09-30,PG,148.32,2026-10-23,22,26.42,5.26,2.99,17.3,95.2,rich,83.0,top
2026-09-30,SNDK,1729.76,2026-10-23,22,71.78,14.3,14.51,114.5,8.2,cheap,74.7,top
2026-09-30,TSLA,352.84,2026-10-23,22,47.3,9.42,8.11,50.8,45.7,fair,83.8,top
2026-09-30,TXN,281.69,2026-10-23,22,48.64,9.69,5.21,32.8,75.6,rich,70.0,top
