rank,ticker,price,score,squeeze_on,squeeze_days,squeeze_fired,fired_dir,bandwidth_pctile,hv_annual,hv_pctile,em_pct,horizon_days,down_1sigma,up_1sigma,down_2sigma,up_2sigma,lean,note,debt_ratio,cash_ratio,earnings_in_days,implied_move_pct,vol_verdict,iv_annual,iv_rank,premium_score,premium_state,liquidity,action,strategy
1,KO,87.18,93.0,True,4,False,,0.008,12.3,0.017,2.45,10,85.04,89.32,82.9,91.46,Bearish,,0.11846105003470765,0.04381568253045306,27,3.76,rich,18.89,37.1,29.0,cheap,fair,STAND_ASIDE,Stand aside
2,JNJ,271.95,87.7,True,4,False,,0.075,14.6,0.083,2.92,10,264.02,279.88,256.08,287.82,Neutral,,0.07604643504703673,0.032192100258966246,13,5.4,rich,27.1,100.0,87.3,rich,fair,SELL_PREMIUM,Bull Put Spread
3,PG,149.03,82.4,True,52,False,,0.225,15.1,0.217,3.0,10,144.55,153.51,140.08,157.98,Bullish,,0.10159242904684791,0.02883745715095505,22,5.09,rich,25.56,100.0,93.3,rich,poor,STAND_ASIDE,Stand aside
4,CSCO,106.74,82.2,True,13,False,,0.108,27.8,0.267,5.54,10,100.83,112.65,94.92,118.56,Bearish,,0.07396466429296604,0.037754353656211645,43,6.2,fair,31.11,41.2,30.2,cheap,fair,STAND_ASIDE,Stand aside
5,MSFT,509.22,81.9,True,4,False,,0.042,24.2,0.217,4.83,10,484.62,533.82,460.03,558.41,Bullish,,0.034083773568768946,0.020332570727549258,28,5.47,fair,27.47,32.7,19.2,cheap,good,STAND_ASIDE,Stand aside
6,LLY,1184.78,78.6,False,0,True,up,0.033,17.9,0.008,3.56,10,1142.58,1226.99,1100.37,1269.19,Bullish,,0.051999741717247944,0.008475954024739161,29,6.46,rich,32.45,34.8,37.0,fair,poor,STAND_ASIDE,Stand aside
7,NVDA,228.86,78.4,False,0,False,,0.042,27.2,0.008,5.42,10,216.46,241.26,204.06,253.66,Bullish,,0.007082917276025333,0.011386071882518835,48,6.25,rich,31.37,0.0,5.1,cheap,good,STAND_ASIDE,Stand aside
8,TSLA,357.45,77.4,True,11,False,,0.017,44.8,0.392,8.92,10,325.56,389.34,293.68,421.22,Neutral,,0.011538806887665414,0.031232279331858917,21,9.24,fair,46.4,52.4,41.1,fair,fair,NEUTRAL_INCOME,Calendar Spread
9,MRK,148.69,76.6,False,0,False,,0.075,16.9,0.025,3.38,10,143.67,153.71,138.65,158.73,Neutral,,0.1463781978993034,0.01938911832310833,29,5.65,rich,28.38,40.6,25.8,cheap,poor,STAND_ASIDE,Stand aside
10,AVGO,349.57,75.0,False,0,False,,0.142,29.9,0.017,5.96,10,328.73,370.41,307.88,391.26,Bearish,,0.03505305810252129,0.014143574588665065,70,7.45,rich,37.38,6.9,20.6,cheap,fair,STAND_ASIDE,Stand aside
11,ABBV,266.28,74.7,False,0,False,,0.167,16.6,0.008,3.31,10,257.47,275.09,248.66,283.9,Bullish,,0.15235424746461676,0.014118855238644047,29,5.3,rich,26.6,64.5,57.7,fair,fair,STAND_ASIDE,Stand aside
12,TXN,278.31,73.6,False,0,False,,0.192,26.0,0.017,5.19,10,263.88,292.74,249.45,307.17,Bullish,,0.05462332454285623,0.02721448182433469,27,9.92,rich,49.8,62.7,77.4,rich,fair,SELL_PREMIUM,Bear Call Spread
13,SNDK,1712.89,73.2,False,0,False,,0.075,74.8,0.092,14.89,10,1457.83,1967.95,1202.76,2223.02,Bullish,,0.0007936202801261298,0.018802087922274797,37,13.87,fair,69.65,0.0,6.5,cheap,poor,STAND_ASIDE,Stand aside
14,MU,1053.98,70.9,False,0,False,,0.183,50.2,0.075,10.0,10,948.59,1159.37,843.19,1264.77,Bullish,,0.005300550118454635,0.021632829136571295,0,12.59,rich,63.21,0.0,15.0,cheap,fair,STAND_ASIDE,Stand aside
15,GOOGL,342.75,66.8,False,0,False,,0.133,26.0,0.183,5.18,10,325.0,360.5,307.25,378.25,Bullish,,0.028970628672718556,0.05815519406590787,28,5.83,fair,29.26,47.0,28.6,cheap,good,STAND_ASIDE,Stand aside
16,KLAC,189.17,66.4,False,0,False,,0.233,46.3,0.133,9.23,10,171.7,206.64,154.24,224.1,Bullish,,0.023985817560072224,0.019114720230435103,28,,,,,,,,NO_DATA,Not priced
17,GEV,949.77,64.5,False,0,False,,0.067,44.3,0.267,8.82,10,866.02,1033.52,782.26,1117.28,Bullish,,0.014511783313392083,0.049620936490953574,28,,,,,,,,NO_DATA,Not priced
18,CVX,206.37,63.6,False,0,False,,0.083,23.8,0.275,4.74,10,196.59,216.15,186.81,225.93,Bearish,,0.09247654533212346,0.021276463688481406,30,,,,,,,,NO_DATA,Not priced
19,AMAT,486.76,60.7,False,0,False,,0.242,47.8,0.242,9.52,10,440.42,533.1,394.07,579.45,Bullish,,0.018078909117770825,0.022722921166929377,43,,,,,,,,NO_DATA,Not priced
20,AAPL,338.4,59.0,False,0,False,,0.242,21.5,0.275,4.29,10,323.88,352.92,309.35,367.45,Bullish,,0.01754489889075879,0.012979989122054923,29,,,,,,,,NO_DATA,Not priced
21,LRCX,314.47,55.2,False,0,False,,0.225,56.6,0.358,11.28,10,279.0,349.94,243.53,385.41,Bullish,,0.01016951482375669,0.013765999397979812,21,,,,,,,,NO_DATA,Not priced
22,HD,289.89,53.4,False,0,False,,0.742,21.2,0.1,4.23,10,277.63,302.15,265.37,314.41,Bearish,,0.2198803268972063,0.007255340601636903,48,,,,,,,,NO_DATA,Not priced
23,XOM,162.52,52.6,False,0,False,,0.008,26.9,0.533,5.35,10,153.82,171.22,145.12,179.92,Bearish,,0.0638594476384818,0.015958833269077224,30,,,,,,,,NO_DATA,Not priced
24,TMO,678.6,49.5,False,0,False,,0.833,24.0,0.125,4.78,10,646.13,711.07,613.67,743.53,Bullish,,0.16932636789547997,0.016172939179398004,21,,,,,,,,NO_DATA,Not priced
25,INTC,116.03,48.5,False,0,False,,0.675,71.6,0.233,14.27,10,99.47,132.59,82.91,149.15,Bullish,,0.08246655281977718,0.048508681097135097,22,,,,,,,,NO_DATA,Not priced
26,AMD,607.87,43.5,False,0,False,,0.775,54.8,0.275,10.91,10,541.56,674.18,475.24,740.5,Bullish,,0.004311166786488142,0.013218827879691464,34,,,,,,,,NO_DATA,Not priced
27,PANW,392.09,17.2,False,0,False,,0.583,68.0,0.9,13.55,10,338.97,445.21,285.85,498.33,Bullish,,0.008079456985779535,0.009665762486094819,50,,,,,,,,NO_DATA,Not priced
28,CRWD,259.25,14.2,False,0,False,,0.817,70.2,0.825,13.98,10,223.02,295.48,186.79,331.71,Bullish,,0.003048668022491193,0.018636852432719325,62,,,,,,,,NO_DATA,Not priced
29,META,715.62,3.0,False,0,False,,0.983,53.5,0.95,10.66,10,639.37,791.87,563.12,868.12,Bullish,,0.059677842123480145,0.04795778034371307,28,,,,,,,,NO_DATA,Not priced
