date,ticker,rank
2026-09-24,NVDA,1
2026-09-24,AAPL,2
2026-09-24,MSFT,3
2026-09-24,GOOGL,4
2026-09-24,AVGO,5
2026-09-24,META,6
2026-09-24,MU,7
2026-09-24,TSLA,8
2026-09-24,AMD,9
2026-09-24,LLY,10
2026-09-24,XOM,11
2026-09-24,JNJ,12
2026-09-24,INTC,13
2026-09-24,ABBV,14
2026-09-24,CSCO,15
2026-09-24,LRCX,16
2026-09-24,AMAT,17
2026-09-24,MRK,18
2026-09-24,CVX,19
2026-09-24,PG,20
2026-09-24,KO,21
2026-09-24,PANW,22
2026-09-24,HD,23
2026-09-24,CRWD,24
2026-09-24,SNDK,25
2026-09-24,GEV,26
2026-09-24,TMO,27
2026-09-24,TXN,28
2026-09-24,KLAC,29
2026-09-25,NVDA,1
2026-09-25,AAPL,2
2026-09-25,MSFT,3
2026-09-25,GOOGL,4
2026-09-25,AVGO,5
2026-09-25,META,6
2026-09-25,MU,7
2026-09-25,TSLA,8
2026-09-25,AMD,9
2026-09-25,LLY,10
2026-09-25,XOM,11
2026-09-25,JNJ,12
2026-09-25,INTC,13
2026-09-25,ABBV,14
2026-09-25,CSCO,15
2026-09-25,LRCX,16
2026-09-25,AMAT,17
2026-09-25,CVX,18
2026-09-25,MRK,19
2026-09-25,PG,20
2026-09-25,KO,21
2026-09-25,PANW,22
2026-09-25,HD,23
2026-09-25,CRWD,24
2026-09-25,SNDK,25
2026-09-25,GEV,26
2026-09-25,TMO,27
2026-09-25,TXN,28
2026-09-25,KLAC,29
2026-09-29,NVDA,1
2026-09-29,AAPL,2
2026-09-29,MSFT,3
2026-09-29,GOOGL,4
2026-09-29,AVGO,5
2026-09-29,META,6
2026-09-29,MU,7
2026-09-29,TSLA,8
2026-09-29,AMD,9
2026-09-29,LLY,10
2026-09-29,XOM,11
2026-09-29,JNJ,12
2026-09-29,INTC,13
2026-09-29,ABBV,14
2026-09-29,CSCO,15
2026-09-29,LRCX,16
2026-09-29,AMAT,17
2026-09-29,CVX,18
2026-09-29,MRK,19
2026-09-29,PG,20
2026-09-29,KO,21
2026-09-29,PANW,22
2026-09-29,HD,23
2026-09-29,SNDK,24
2026-09-29,GEV,25
2026-09-29,CRWD,26
2026-09-29,TMO,27
2026-09-29,TXN,28
2026-09-29,KLAC,29
2026-09-30,NVDA,1
2026-09-30,AAPL,2
2026-09-30,MSFT,3
2026-09-30,GOOGL,4
2026-09-30,AVGO,5
2026-09-30,META,6
2026-09-30,MU,7
2026-09-30,TSLA,8
2026-09-30,AMD,9
2026-09-30,LLY,10
2026-09-30,XOM,11
2026-09-30,JNJ,12
2026-09-30,INTC,13
2026-09-30,ABBV,14
2026-09-30,CSCO,15
2026-09-30,LRCX,16
2026-09-30,AMAT,17
2026-09-30,CVX,18
2026-09-30,MRK,19
2026-09-30,PG,20
2026-09-30,KO,21
2026-09-30,PANW,22
2026-09-30,HD,23
2026-09-30,CRWD,24
2026-09-30,GEV,25
2026-09-30,KLAC,26
2026-09-30,TXN,27
2026-09-30,SNDK,28
2026-09-30,TMO,29
2026-10-01,NVDA,1
2026-10-01,AAPL,2
2026-10-01,MSFT,3
2026-10-01,GOOGL,4
2026-10-01,AVGO,5
2026-10-01,META,6
2026-10-01,MU,7
2026-10-01,TSLA,8
2026-10-01,AMD,9
2026-10-01,LLY,10
2026-10-01,XOM,11
2026-10-01,JNJ,12
2026-10-01,INTC,13
2026-10-01,ABBV,14
2026-10-01,CSCO,15
2026-10-01,LRCX,16
2026-10-01,AMAT,17
2026-10-01,CVX,18
2026-10-01,MRK,19
2026-10-01,PG,20
2026-10-01,KO,21
2026-10-01,PANW,22
2026-10-01,HD,23
2026-10-01,CRWD,24
2026-10-01,KLAC,25
2026-10-01,GEV,26
2026-10-01,TXN,27
2026-10-01,SNDK,28
2026-10-01,TMO,29
2026-10-01,MRVL,30
